Week,Loan_Application_Count
2024-01-01,171.0
2024-01-08,183.0
2024-01-15,195.0
2024-01-22,189.0
2024-01-29,203.0
2024-02-05,192.0
2024-02-12,182.0
2024-02-19,169.0
2024-02-26,165.0
2024-03-04,165.0
2024-03-11,151.0
2024-03-18,173.0
2024-03-25,196.0
2024-04-01,194.0
2024-04-08,218.0
2024-04-15,213.0
2024-04-22,206.0
2024-04-29,203.0
2024-05-06,187.0
2024-05-13,183.0
2024-05-20,185.0
2024-05-27,171.0
2024-06-03,173.0
2024-06-10,172.0
2024-06-17,198.0
2024-06-24,
2024-07-01,220.0
2024-07-08,231.0
2024-07-15,212.0
2024-07-22,217.0
2024-07-29,205.0
2024-08-05,193.0
2024-08-12,189.0
2024-08-19,177.0
2024-08-26,197.0
2024-09-02,187.0
2024-09-09,201.0
2024-09-16,216.0
2024-09-23,242.0
2024-09-30,241.0
2024-10-07,227.0
2024-10-14,212.0
2024-10-21,206.0
2024-10-28,216.0
2024-11-04,184.0
2024-11-11,193.0
2024-11-18,186.0
2024-11-25,201.0
2024-12-02,222.0
2024-12-09,236.0
2024-12-16,239.0
2024-12-23,235.0
2024-12-30,241.0
2025-01-06,220.0
2025-01-13,230.0
2025-01-20,208.0
2025-01-27,209.0
2025-02-03,216.0
2025-02-10,208.0
2025-02-17,222.0
2025-02-24,228.0
2025-03-03,238.0
2025-03-10,256.0
2025-03-17,248.0
2025-03-24,260.0
2025-03-31,249.0
2025-04-07,234.0
2025-04-14,219.0
2025-04-21,204.0
2025-04-28,212.0
2025-05-05,226.0
2025-05-12,
2025-05-19,226.0
2025-05-26,262.0
2025-06-02,279.0
2025-06-09,272.0
2025-06-16,261.0
2025-06-23,255.0
2025-06-30,220.0
2025-07-07,238.0
2025-07-14,230.0
2025-07-21,232.0
2025-07-28,208.0
2025-08-04,236.0
2025-08-11,251.0
2025-08-18,263.0
2025-08-25,271.0
2025-09-01,274.0
2025-09-08,277.0
2025-09-15,269.0
2025-09-22,257.0
2025-09-29,242.0
2025-10-06,225.0
2025-10-13,227.0
2025-10-20,235.0
2025-10-27,250.0
2025-11-03,278.0
2025-11-10,280.0
2025-11-17,272.0
2025-11-24,291.0
2025-12-01,278.0
2025-12-08,281.0
2025-12-15,247.0
2025-12-22,252.0
2025-12-29,241.0
2026-01-05,251.0
2026-01-12,241.0
2026-01-19,
2026-01-26,274.0
2026-02-02,281.0
2026-02-09,301.0
2026-02-16,294.0
2026-02-23,283.0
2026-03-02,293.0
2026-03-09,277.0
2026-03-16,281.0
2026-03-23,267.0
2026-03-30,256.0
2026-04-06,237.0
2026-04-13,273.0
