Application_ID,Loan_Amount_PHP,Monthly_Income_PHP,Late_Payments_12M,Employment_Type,Has_CoBorrower,Existing_Debt_PHP,Loan_Purpose,Defaulted
LOAN-0000,341020.83,29968.62,3,Type A,Yes,88490.29,Education,No
LOAN-0001,61961.61,34650.57,3,Type A,No,67045.78,Education,No
LOAN-0002,165261.0,82481.01,1,Type C,Yes,63537.69,Education,No
LOAN-0003,90027.59,58724.91,2,Type C,Yes,25798.18,Medical,Yes
LOAN-0004,378001.8,60531.56,0,Type A,Yes,72394.16,Medical,No
LOAN-0005,365533.17,50488.91,1,Type C,Yes,34645.46,Personal,No
LOAN-0006,171073.6,66134.85,4,Type C,No,36106.82,Education,No
LOAN-0007,75873.49,33667.19,1,Type B,Yes,44111.67,Medical,No
LOAN-0008,192209.29,83046.19,2,Type B,Yes,3039.82,Personal,No
LOAN-0009,130191.85,35011.98,1,Type C,No,52847.11,Medical,No
LOAN-0010,82326.63,51921.42,2,Type B,No,40380.63,Education,No
LOAN-0011,220679.77,17832.53,2,Type C,Yes,67981.55,Education,No
LOAN-0012,21491.52,84050.44,3,Type A,Yes,28184.9,Education,No
LOAN-0013,500000.0,23021.14,3,Type C,No,139775.64,Personal,No
LOAN-0014,297901.68,28751.5,1,Type B,No,127668.53,Education,No
LOAN-0015,139147.24,32094.73,3,Type A,No,49346.92,Medical,No
LOAN-0016,219235.06,65237.63,4,Type A,No,109470.83,Business,No
LOAN-0017,244288.82,58571.36,1,Type A,No,24394.63,Education,No
LOAN-0018,290553.37,12488.6,1,Type B,No,51724.03,Personal,No
LOAN-0019,221842.98,22983.01,0,Type B,No,46892.73,Education,No
LOAN-0020,455944.78,30872.02,3,Type C,No,56272.59,Medical,Yes
LOAN-0021,168505.01,54438.49,7,Type B,No,71310.93,Medical,Yes
LOAN-0022,500000.0,49703.15,4,Type A,Yes,84053.71,Medical,Yes
LOAN-0023,112283.24,33379.09,4,Type C,Yes,40092.62,Business,No
LOAN-0024,313593.09,2445.96,1,Type B,No,110180.07,Personal,No
LOAN-0025,36423.82,24191.35,2,Type A,Yes,71961.04,Business,No
LOAN-0026,135093.89,48308.12,1,Type B,Yes,49091.66,Medical,No
LOAN-0027,382903.34,20.0,3,Type A,Yes,5865.65,Education,Yes
LOAN-0028,115459.11,16719.59,4,Type A,Yes,8260.88,Personal,Yes
LOAN-0029,236902.9,,4,Type A,No,32015.19,Personal,No
LOAN-0030,447983.24,88047.29,1,Type B,Yes,92380.86,Business,No
LOAN-0031,221612.48,46524.65,3,Type A,Yes,120111.46,Medical,No
LOAN-0032,188734.01,56068.35,3,Type A,No,17069.89,Personal,No
LOAN-0033,238796.44,28465.83,3,Type C,Yes,95101.66,Education,No
LOAN-0034,231503.31,29615.92,2,Type A,No,36789.63,Medical,No
LOAN-0035,500000.0,83530.97,2,Type B,Yes,47367.22,Education,Yes
LOAN-0036,131631.69,74211.18,2,Type B,Yes,146183.9,Medical,No
LOAN-0037,394472.14,11389.59,3,Type C,No,65345.77,Personal,No
LOAN-0038,119254.39,38923.95,1,Type C,No,60423.11,Business,No
LOAN-0039,56052.42,71023.37,0,Type C,No,85116.73,Medical,No
LOAN-0040,26940.73,88044.84,1,Type B,No,52774.6,Business,No
LOAN-0041,252032.32,76674.3,1,Type B,Yes,21326.56,Education,No
LOAN-0042,161108.12,47447.35,1,Type B,Yes,30671.98,Medical,No
LOAN-0043,89856.89,83204.0,0,Type B,No,6559.24,Medical,No
LOAN-0044,397636.3,56931.37,0,Type A,Yes,50586.29,Personal,No
LOAN-0045,79004.39,79219.63,6,Type C,Yes,63801.19,Personal,Yes
LOAN-0046,14757.1,38897.3,0,Type A,Yes,48627.13,Business,No
LOAN-0047,396140.64,60270.94,1,Type B,Yes,40557.85,Personal,No
LOAN-0048,57063.99,49342.89,3,Type B,Yes,47347.36,Business,Yes
LOAN-0049,404886.51,55072.68,2,Type C,No,66239.87,Personal,Yes
LOAN-0050,180274.63,42938.54,0,Type C,No,49985.7,Medical,No
LOAN-0051,113718.91,77250.14,3,Type B,Yes,155881.25,Education,No
LOAN-0052,204823.21,61993.25,0,Type C,Yes,99963.39,Education,No
LOAN-0053,275293.77,31502.63,0,Type A,Yes,63758.69,Medical,No
LOAN-0054,274173.83,69041.72,1,Type B,Yes,84662.87,Education,No
LOAN-0055,149196.74,48321.2,2,Type A,No,22915.73,Education,No
LOAN-0056,200710.62,59675.63,5,Type B,No,33492.88,Education,No
LOAN-0057,292678.18,60633.7,1,Type B,Yes,83578.99,Business,No
LOAN-0058,28238.45,54601.55,1,Type A,No,67151.29,Medical,No
LOAN-0059,116429.85,64226.11,6,Type A,No,6481.63,Education,No
LOAN-0060,188806.41,42471.1,1,Type A,Yes,77119.86,Personal,No
LOAN-0061,162038.81,53662.85,2,Type A,Yes,46357.39,Personal,Yes
LOAN-0062,500000.0,61669.87,3,Type A,No,9825.04,Medical,No
LOAN-0063,229148.86,69154.49,2,Type C,No,102545.77,Business,No
LOAN-0064,42313.5,73019.79,2,,No,85146.9,Education,No
LOAN-0065,27740.7,25627.3,2,Type B,No,58570.97,Personal,No
LOAN-0066,102041.13,71361.17,1,Type C,No,2567.39,Education,No
LOAN-0067,241676.26,49814.63,4,Type B,Yes,21139.93,Medical,Yes
LOAN-0068,150190.46,84445.33,0,Type A,Yes,123594.15,Business,No
LOAN-0069,86939.63,16833.54,5,Type A,Yes,47182.77,Personal,No
LOAN-0070,348249.05,53058.89,4,Type C,Yes,35356.9,Personal,Yes
LOAN-0071,92655.5,54233.5,4,Type C,No,62941.6,Business,No
LOAN-0072,376389.2,6333.58,4,Type A,Yes,69642.2,Medical,No
LOAN-0073,59467.97,44846.88,3,Type A,Yes,186970.15,Personal,No
LOAN-0074,141695.25,40484.65,1,Type B,No,26396.36,Business,No
LOAN-0075,106695.08,80672.37,0,Type C,Yes,51174.25,Medical,No
LOAN-0076,139727.27,8165.57,1,Type B,Yes,19096.11,Education,No
LOAN-0077,166900.52,26856.28,1,Type A,Yes,61659.33,Personal,No
LOAN-0078,70697.58,45585.32,2,Type A,Yes,43052.48,Personal,Yes
LOAN-0079,212014.43,74358.46,5,Type C,No,71622.91,Business,No
LOAN-0080,32846.68,49318.64,1,Type B,No,77557.15,Personal,Yes
LOAN-0081,147721.9,29987.03,0,Type B,Yes,18059.5,Personal,No
LOAN-0082,267758.88,47653.96,1,Type C,No,65909.73,Medical,No
LOAN-0083,295545.95,95751.91,2,Type C,No,11631.98,Education,No
LOAN-0084,291826.76,47053.12,2,Type A,Yes,1194.44,Medical,Yes
LOAN-0085,500000.0,100518.74,1,Type C,No,33474.09,Business,No
LOAN-0086,163111.69,71346.23,3,Type A,Yes,51721.92,Business,No
LOAN-0087,133782.47,29189.17,3,Type A,No,51803.18,Personal,No
LOAN-0088,337939.47,49082.69,0,Type C,No,101682.02,Personal,No
LOAN-0089,133244.78,65143.71,2,Type A,No,62146.15,Medical,No
LOAN-0090,293998.35,44615.39,3,Type C,Yes,91501.42,Education,No
LOAN-0091,157469.57,40337.95,2,Type C,No,131809.31,Personal,No
LOAN-0092,137146.9,65045.66,0,Type C,Yes,33265.32,Education,No
LOAN-0093,76827.86,22384.92,1,Type A,Yes,103336.69,Personal,No
LOAN-0094,142246.59,44928.27,2,Type B,Yes,1055.42,Medical,Yes
LOAN-0095,333435.49,,1,Type C,No,16854.15,Personal,No
LOAN-0096,310656.64,85540.54,1,Type A,No,54200.1,Medical,Yes
LOAN-0097,238513.99,49742.05,1,Type B,No,59579.38,,No
LOAN-0098,500000.0,60361.54,2,Type C,No,106200.99,Personal,Yes
LOAN-0099,71285.6,54425.49,2,Type B,Yes,132057.64,Medical,No
LOAN-0100,196208.33,12883.11,1,Type A,Yes,58790.23,Education,No
LOAN-0101,123786.65,56645.12,0,Type B,No,174346.44,Personal,No
LOAN-0102,500000.0,50558.58,2,Type C,Yes,42510.35,Business,Yes
LOAN-0103,428390.64,61009.08,1,Type A,No,22970.91,Personal,No
LOAN-0104,157691.01,10285.29,1,Type B,No,70695.75,Education,No
LOAN-0105,155203.77,69555.75,1,Type C,Yes,51475.75,Personal,No
LOAN-0106,277029.38,72686.11,1,Type B,No,143787.16,Medical,No
LOAN-0107,354333.41,52227.85,1,Type B,Yes,56761.36,Business,No
LOAN-0108,169823.06,57334.81,2,Type C,No,92093.39,Education,No
LOAN-0109,236550.66,55390.25,3,Type A,No,65127.72,Education,No
LOAN-0110,112684.51,47762.98,1,Type B,Yes,139761.44,Business,No
LOAN-0111,212675.49,62982.53,5,Type C,No,35324.87,Personal,No
LOAN-0112,76867.02,43528.27,3,Type A,Yes,23636.74,Personal,No
LOAN-0113,113896.83,85131.32,3,Type C,No,82735.27,Education,No
LOAN-0114,105649.4,56965.24,2,Type A,No,140003.02,Education,Yes
LOAN-0115,213668.05,29662.71,1,Type A,No,41744.21,Education,No
LOAN-0116,236251.28,73219.88,0,Type A,No,100968.68,Education,No
LOAN-0117,128184.11,94448.17,1,Type C,Yes,150512.81,Medical,Yes
LOAN-0118,107970.3,37211.58,0,Type B,No,105465.32,Education,No
LOAN-0119,193292.46,30349.11,2,Type C,Yes,42826.45,Education,Yes
LOAN-0120,20899.06,37305.28,1,Type A,Yes,35523.88,Medical,Yes
LOAN-0121,500000.0,34043.25,2,Type B,Yes,57117.36,Business,Yes
LOAN-0122,352098.51,12164.73,5,Type A,Yes,80454.09,Business,Yes
LOAN-0123,206168.65,53357.86,4,Type C,No,76390.01,Education,No
LOAN-0124,500000.0,91912.8,2,Type A,Yes,31779.21,Business,No
LOAN-0125,32318.51,43161.35,4,Type A,No,120402.74,Personal,No
LOAN-0126,299313.16,39726.61,2,Type B,Yes,74707.31,Education,No
LOAN-0127,43855.59,50121.35,2,Type B,No,146873.01,Personal,No
LOAN-0128,120814.64,70937.13,3,Type A,No,107854.76,Personal,No
LOAN-0129,376646.35,88722.73,3,Type C,No,19343.88,Medical,No
LOAN-0130,198111.22,24286.0,1,Type C,No,31555.67,Business,Yes
LOAN-0131,472269.81,67337.57,1,Type C,No,131384.6,Education,No
LOAN-0132,99970.63,59376.13,6,Type C,No,93875.19,,No
LOAN-0133,59350.67,44079.64,10,Type A,No,61874.59,Business,Yes
LOAN-0134,154352.46,53306.52,2,Type B,No,45136.88,Medical,No
LOAN-0135,194919.74,,6,Type B,No,98650.08,,No
LOAN-0136,92421.89,56046.02,2,Type B,Yes,112821.44,Personal,No
LOAN-0137,172394.68,40220.06,2,Type C,Yes,23223.85,Personal,No
LOAN-0138,51496.94,70670.51,2,Type C,No,4128.85,Business,No
LOAN-0139,199212.46,45958.72,2,Type A,No,113225.69,Personal,No
LOAN-0140,110928.9,31716.68,1,Type A,Yes,14718.85,Personal,Yes
LOAN-0141,500000.0,56969.99,5,Type A,Yes,64777.3,Education,Yes
LOAN-0142,188529.44,57791.7,2,Type C,No,105157.42,Education,Yes
LOAN-0143,109846.57,85828.12,1,Type C,No,20223.56,Personal,No
LOAN-0144,92306.48,85179.09,1,Type B,No,64696.21,Business,No
LOAN-0145,206635.97,99915.31,1,Type C,Yes,44485.86,Medical,No
LOAN-0146,66806.44,52812.39,4,Type A,No,104400.45,Personal,Yes
LOAN-0147,162068.16,32521.63,4,Type C,No,1359.61,Medical,Yes
LOAN-0148,160679.57,83069.97,2,Type A,No,153794.98,Education,No
LOAN-0149,97493.62,48947.85,1,Type A,Yes,73535.64,Business,No
LOAN-0150,180732.94,45825.52,0,Type A,Yes,66208.22,Business,No
LOAN-0151,454174.39,78166.68,1,Type C,Yes,92533.85,Education,No
LOAN-0152,169024.68,,0,Type A,No,43936.74,Personal,No
LOAN-0153,110775.11,73579.58,2,Type C,No,63158.51,Education,Yes
LOAN-0154,278754.41,34085.04,2,Type A,Yes,100315.93,Personal,Yes
LOAN-0155,132030.19,34431.46,1,Type A,Yes,87337.29,Medical,No
LOAN-0156,167052.9,33615.71,1,Type B,No,2704.46,Personal,No
LOAN-0157,232308.39,25255.95,2,Type C,Yes,45772.21,Personal,No
LOAN-0158,70814.77,32427.38,2,Type B,No,28365.84,Personal,No
LOAN-0159,135202.66,99049.77,2,Type A,No,19618.24,Education,Yes
LOAN-0160,143558.12,42486.7,2,Type C,Yes,50997.24,Medical,No
LOAN-0161,221453.08,54420.57,1,Type C,Yes,124317.07,,No
LOAN-0162,465041.72,66480.81,2,Type B,No,88146.37,Business,No
LOAN-0163,364678.63,24502.59,1,Type B,Yes,35824.9,,No
LOAN-0164,154931.22,34399.97,0,Type C,Yes,138666.88,Business,No
LOAN-0165,50124.18,55189.08,1,Type C,Yes,13926.45,Business,No
LOAN-0166,189059.57,68424.98,3,Type C,Yes,50164.5,Personal,No
LOAN-0167,121784.28,40556.13,3,Type C,Yes,38079.55,Education,No
LOAN-0168,214820.53,39033.19,1,Type B,Yes,55076.98,Business,No
LOAN-0169,65310.85,69683.37,1,Type A,No,31853.05,Business,No
LOAN-0170,361783.21,68108.75,1,Type B,No,65866.26,Personal,No
LOAN-0171,127653.29,52707.61,2,Type A,Yes,243311.52,Medical,No
LOAN-0172,74950.54,40118.11,2,Type B,Yes,42112.92,Personal,No
LOAN-0173,220334.63,88743.03,0,Type A,Yes,104438.94,Education,No
LOAN-0174,146211.25,55188.45,3,Type B,Yes,55720.03,Education,No
LOAN-0175,292577.66,39245.3,2,Type C,Yes,121605.78,Education,No
LOAN-0176,127245.59,25217.18,2,Type A,Yes,97532.74,Medical,No
LOAN-0177,500000.0,38221.04,3,Type C,No,65910.6,Education,No
LOAN-0178,322479.85,16607.93,2,Type B,Yes,12471.16,Personal,No
LOAN-0179,45363.04,26669.11,4,Type B,Yes,72305.1,Education,Yes
LOAN-0180,138009.45,56290.09,2,Type A,No,21107.74,Education,No
LOAN-0181,67992.49,36557.42,2,Type C,No,73253.35,Personal,Yes
LOAN-0182,148577.41,46055.61,2,Type A,No,119795.18,Personal,No
LOAN-0183,225473.27,24507.44,1,Type B,Yes,21672.53,Personal,No
LOAN-0184,246120.29,71088.01,3,Type A,Yes,129312.68,Personal,Yes
LOAN-0185,75419.54,58894.23,1,Type B,No,35269.7,Business,No
LOAN-0186,322821.98,54612.51,1,Type A,No,30111.32,Education,No
LOAN-0187,462119.5,48616.63,2,Type B,No,17264.29,Medical,No
LOAN-0188,171450.05,44933.04,1,Type A,No,150745.75,Education,No
LOAN-0189,93562.32,59307.94,1,Type C,Yes,55335.99,Medical,No
LOAN-0190,252607.81,36708.4,3,Type C,Yes,20623.29,Personal,No
LOAN-0191,207141.77,54876.66,2,Type C,No,44908.76,Personal,No
LOAN-0192,174291.87,19977.89,4,Type B,No,78239.23,Business,No
LOAN-0193,230903.78,61545.84,1,Type B,Yes,17632.01,Personal,No
LOAN-0194,160619.38,58886.81,5,Type C,Yes,15049.64,Personal,No
LOAN-0195,155427.61,53082.29,2,Type A,No,89683.18,Business,No
LOAN-0196,500000.0,32082.76,3,Type A,No,25172.12,Education,Yes
LOAN-0197,216383.63,54839.71,2,Type C,No,53536.02,Personal,No
LOAN-0198,312741.1,39600.62,1,Type C,No,161514.08,Education,No
LOAN-0199,500000.0,14993.72,4,Type B,No,27700.86,Education,Yes
LOAN-0200,261641.11,61440.12,2,Type B,No,24739.66,,No
LOAN-0201,60170.18,19712.35,1,Type A,No,48727.6,Education,No
LOAN-0202,131341.95,83353.18,1,Type B,No,52762.51,Education,No
LOAN-0203,281235.33,92298.34,1,Type B,No,76030.16,Personal,No
LOAN-0204,260317.9,12972.24,1,Type A,No,103145.69,Personal,No
LOAN-0205,218571.57,53421.5,0,Type B,Yes,13675.72,Education,No
LOAN-0206,121226.49,58004.79,2,Type C,No,40551.85,Medical,No
LOAN-0207,226116.32,86666.77,1,Type B,Yes,18941.9,Education,No
LOAN-0208,216303.73,36967.91,4,Type A,No,2783.85,Medical,No
LOAN-0209,268129.59,2541.18,1,Type C,Yes,86883.44,Personal,No
LOAN-0210,176334.55,37085.92,1,Type B,No,131982.12,Medical,No
LOAN-0211,95056.44,33042.62,1,Type A,Yes,46775.93,Medical,No
LOAN-0212,261746.89,85018.62,1,Type A,Yes,33715.33,Medical,Yes
LOAN-0213,365150.45,115795.07,3,Type A,Yes,26420.87,Education,No
LOAN-0214,59114.56,57316.02,5,Type B,No,22289.83,Personal,No
LOAN-0215,281681.62,51902.99,3,Type B,Yes,110551.53,Medical,Yes
LOAN-0216,209554.17,47824.58,5,Type C,No,14167.65,Medical,Yes
LOAN-0217,152017.06,18514.82,2,Type A,No,62926.87,Education,Yes
LOAN-0218,76043.6,46755.03,3,Type B,No,32991.19,Personal,No
LOAN-0219,42673.17,39270.57,2,Type C,Yes,39618.96,Personal,No
LOAN-0220,139373.69,24489.2,4,Type C,No,60221.29,Medical,No
LOAN-0221,137415.42,50757.95,3,Type B,Yes,30444.97,Education,No
LOAN-0222,189039.39,37396.12,0,Type A,Yes,73442.76,Business,No
LOAN-0223,152585.62,27799.43,2,Type C,Yes,4134.81,Education,No
LOAN-0224,440464.99,57029.52,3,Type C,No,61623.99,Medical,No
LOAN-0225,80641.19,37959.34,0,Type B,No,16765.67,Medical,Yes
LOAN-0226,441644.57,62123.41,0,Type C,No,146153.47,Personal,No
LOAN-0227,202501.08,30571.19,1,Type C,No,23759.26,Medical,No
LOAN-0228,257833.81,53548.76,3,Type B,No,25552.08,Business,No
LOAN-0229,114807.02,68229.66,2,Type C,No,28382.92,Education,No
LOAN-0230,156925.94,31382.99,2,Type B,No,32282.86,Personal,No
LOAN-0231,287923.9,54357.5,0,Type A,Yes,36078.05,Medical,No
LOAN-0232,429865.98,17119.55,1,Type A,No,73279.5,Education,No
LOAN-0233,280609.24,62799.58,0,Type B,No,83323.51,Medical,No
LOAN-0234,130687.06,45712.62,1,Type A,No,77020.92,Business,No
LOAN-0235,334878.2,32566.06,1,Type A,No,31924.58,Business,No
LOAN-0236,228870.95,54109.64,2,Type C,No,18582.64,Business,No
LOAN-0237,87374.16,58087.46,1,Type B,No,87501.63,Medical,No
LOAN-0238,74329.93,35891.47,2,Type B,Yes,39256.94,Medical,No
LOAN-0239,81453.6,57436.51,1,Type A,No,67920.4,Business,No
LOAN-0240,100257.58,41937.57,3,Type B,No,67125.51,Education,No
LOAN-0241,227114.33,61278.9,2,Type C,Yes,112925.35,Medical,No
LOAN-0242,202410.21,42534.77,5,Type B,No,1809.91,Education,Yes
LOAN-0243,134759.78,45309.2,5,Type B,Yes,94382.75,Medical,Yes
LOAN-0244,339547.2,64003.67,2,Type B,No,47361.42,Education,Yes
LOAN-0245,235546.49,53709.23,4,Type C,Yes,77843.98,Personal,No
LOAN-0246,103732.79,18614.71,4,Type B,Yes,33697.31,Business,Yes
LOAN-0247,178648.34,51732.98,1,Type A,No,58803.57,Business,No
LOAN-0248,117053.84,71396.95,1,Type B,No,76516.66,Personal,No
LOAN-0249,474933.1,81219.24,1,Type C,No,3422.03,Education,Yes
LOAN-0250,224540.39,44908.68,0,Type C,Yes,24340.88,Personal,No
LOAN-0251,327348.53,49992.92,1,Type C,Yes,60950.71,Medical,No
LOAN-0252,359593.56,35045.24,2,Type C,Yes,107842.27,Personal,No
LOAN-0253,140422.22,49895.54,1,Type B,No,35495.44,Education,No
LOAN-0254,57227.06,32392.76,3,Type B,Yes,23784.57,Medical,No
LOAN-0255,162602.76,13512.27,1,Type B,No,463.2,Personal,No
LOAN-0256,220424.38,63634.72,3,Type C,Yes,97764.24,Personal,Yes
LOAN-0257,192292.41,,4,Type A,No,136407.11,Medical,No
LOAN-0258,131256.66,39523.19,1,Type A,Yes,30402.25,Education,No
LOAN-0259,224740.5,75171.4,0,Type A,No,128545.57,Personal,No
LOAN-0260,208845.3,46547.36,3,Type B,Yes,23055.89,Education,No
LOAN-0261,140249.65,66476.48,2,Type A,Yes,25608.83,,No
LOAN-0262,79062.77,31464.42,3,Type A,Yes,27291.82,Education,Yes
LOAN-0263,132111.94,35207.86,1,Type A,No,1787.67,Medical,No
LOAN-0264,56605.63,55543.08,1,Type A,No,55085.99,Business,No
LOAN-0265,298786.58,65332.25,2,Type C,No,13855.32,Personal,No
LOAN-0266,268054.61,20.0,2,Type A,No,50835.77,Personal,No
LOAN-0267,343396.41,29990.64,0,,Yes,106638.5,Business,Yes
LOAN-0268,46869.61,51412.52,3,Type A,Yes,45642.48,Medical,No
LOAN-0269,500000.0,47769.71,1,Type A,No,90170.12,Personal,No
LOAN-0270,143405.5,55276.04,2,Type B,No,19912.3,Business,No
LOAN-0271,500000.0,60007.87,4,Type C,Yes,41302.37,Personal,Yes
LOAN-0272,81089.1,5970.24,1,Type B,No,39847.48,Personal,No
LOAN-0273,87155.26,50241.61,2,Type C,Yes,42442.1,Education,Yes
LOAN-0274,104738.39,36166.64,2,Type B,No,89916.99,Medical,No
LOAN-0275,262266.36,41162.58,0,Type B,Yes,155460.71,Education,No
LOAN-0276,155834.97,64699.05,1,Type A,No,112329.13,Personal,No
LOAN-0277,77443.27,34186.28,2,Type B,No,57636.34,Education,No
LOAN-0278,392650.99,61161.46,6,Type C,No,64952.83,Business,Yes
LOAN-0279,249428.35,60676.33,1,Type A,Yes,108009.56,Education,No
LOAN-0280,394357.85,43904.16,4,Type B,Yes,21535.41,Personal,No
LOAN-0281,189838.14,70428.76,0,Type B,No,31013.65,Business,No
LOAN-0282,348030.07,34376.98,0,Type A,Yes,9974.91,Medical,Yes
LOAN-0283,214690.15,38805.86,3,Type B,Yes,38423.05,Education,No
LOAN-0284,81234.01,63195.2,4,Type A,No,26999.64,Education,Yes
LOAN-0285,302687.17,20.0,1,Type A,Yes,88847.58,Education,No
LOAN-0286,24112.44,36521.16,1,Type B,Yes,30241.54,Business,No
LOAN-0287,123028.59,62868.19,1,Type A,No,13381.32,Education,No
LOAN-0288,343387.07,33027.84,1,Type B,Yes,19579.08,Personal,No
LOAN-0289,105903.48,90025.61,1,Type A,Yes,27608.0,Medical,No
LOAN-0290,12035.35,52638.58,0,Type B,No,42150.04,Education,No
LOAN-0291,337974.6,56684.63,6,Type B,No,26246.86,Personal,Yes
LOAN-0292,232318.06,59587.84,2,Type B,No,59528.67,Business,No
LOAN-0293,114980.27,59395.06,2,Type B,No,34429.19,Business,No
LOAN-0294,126728.75,65473.53,0,,Yes,53220.07,Education,No
LOAN-0295,62236.28,71785.89,2,Type A,Yes,30958.09,Medical,No
LOAN-0296,126461.2,55535.67,3,Type C,Yes,35512.88,Personal,No
LOAN-0297,199895.38,20.0,1,Type C,No,19027.23,Education,No
LOAN-0298,137783.6,14678.98,3,Type A,Yes,78587.92,Personal,No
LOAN-0299,74614.71,56964.03,2,Type C,No,48567.36,Personal,No
LOAN-0300,127106.93,47020.53,0,Type A,No,52095.63,Business,No
LOAN-0301,268797.02,48079.3,1,Type B,No,77337.43,Education,No
LOAN-0302,93181.34,,1,Type B,No,46495.77,Personal,No
LOAN-0303,156993.45,66273.3,2,Type B,No,61622.12,Business,No
LOAN-0304,392439.67,58570.99,3,Type B,No,98564.41,Business,No
LOAN-0305,249569.76,81866.34,2,Type C,Yes,104015.88,Business,Yes
LOAN-0306,136918.83,56316.36,1,,No,31458.94,Education,No
LOAN-0307,316614.17,45911.48,2,Type C,No,110682.46,Education,Yes
LOAN-0308,327724.75,23720.42,1,Type C,No,130668.11,Business,No
LOAN-0309,324689.7,63705.64,0,Type A,No,86329.73,Personal,No
LOAN-0310,500000.0,61618.21,1,Type A,No,42734.21,Medical,No
LOAN-0311,253146.04,26727.96,4,Type C,Yes,99580.2,Medical,No
LOAN-0312,230239.21,52917.51,0,Type A,Yes,125403.24,Education,No
LOAN-0313,35329.18,52637.36,1,Type A,Yes,55208.46,Business,No
LOAN-0314,166509.76,20.0,4,Type A,No,71312.96,Personal,Yes
LOAN-0315,123151.34,38339.43,3,Type B,Yes,67691.91,Personal,No
LOAN-0316,386953.3,16963.74,3,Type C,No,60282.81,Business,Yes
LOAN-0317,302339.13,12932.51,1,Type B,No,44923.27,Education,No
LOAN-0318,57924.03,18658.19,2,Type A,No,63470.97,Medical,No
LOAN-0319,253642.15,89888.07,2,Type C,No,47723.46,Business,No
LOAN-0320,170798.11,50776.29,1,Type C,No,77383.35,Education,No
LOAN-0321,132701.32,67563.2,3,Type B,Yes,51650.03,Education,No
LOAN-0322,231226.86,25948.94,1,Type B,Yes,33086.97,Medical,No
LOAN-0323,261424.04,92470.03,1,Type C,Yes,36485.42,Business,Yes
LOAN-0324,391053.95,67249.29,2,Type A,No,39828.32,Business,No
LOAN-0325,288483.38,89081.76,2,Type B,Yes,85690.62,Personal,Yes
LOAN-0326,80591.46,58888.18,5,Type B,No,78656.18,Medical,No
LOAN-0327,178702.55,64231.8,2,Type B,Yes,49096.54,Business,Yes
LOAN-0328,439450.41,53201.58,2,Type B,No,19391.09,Medical,No
LOAN-0329,290223.69,14174.41,2,Type A,No,22273.72,Business,No
LOAN-0330,177479.64,71972.21,2,Type A,No,30145.85,Education,Yes
LOAN-0331,147269.31,61198.65,2,Type A,Yes,45046.04,Personal,Yes
LOAN-0332,206381.62,16809.78,2,Type B,No,81558.26,Personal,No
LOAN-0333,262168.31,41777.22,3,Type B,No,98276.62,Business,No
LOAN-0334,437445.19,76157.32,1,Type A,Yes,71569.38,Education,No
LOAN-0335,193626.53,30272.09,1,Type A,No,58715.42,Business,No
LOAN-0336,13981.82,53785.67,4,Type C,No,59121.8,Business,No
LOAN-0337,122568.71,42762.93,2,Type C,No,27728.91,Personal,No
LOAN-0338,204550.85,65488.08,1,Type C,No,45519.36,Medical,No
LOAN-0339,59509.38,49143.72,2,Type B,Yes,215842.61,Business,No
LOAN-0340,229087.71,75707.61,1,Type A,Yes,44450.79,Business,No
LOAN-0341,316215.66,53509.8,5,Type C,Yes,8678.25,Education,Yes
LOAN-0342,42905.07,56858.9,2,Type C,Yes,37725.02,Business,No
LOAN-0343,228691.28,39233.89,3,Type C,No,24133.87,Education,No
LOAN-0344,225768.89,58098.12,1,Type B,No,94108.37,Education,No
LOAN-0345,46032.04,79081.37,2,Type C,Yes,28285.18,Business,No
LOAN-0346,500000.0,57596.11,4,Type A,Yes,72243.39,Education,No
LOAN-0347,168202.73,66974.12,3,Type A,Yes,56073.87,Medical,No
LOAN-0348,500000.0,55656.11,3,Type A,Yes,68402.96,Business,No
LOAN-0349,73110.46,69388.33,3,Type B,No,51223.72,Business,No
LOAN-0350,121545.58,46620.12,0,Type A,Yes,15678.12,Business,Yes
LOAN-0351,92032.98,71654.74,0,Type B,No,95722.68,Personal,No
LOAN-0352,227670.77,54217.79,4,,No,63748.24,Medical,No
LOAN-0353,440651.19,48108.31,1,Type B,No,17864.47,Personal,No
LOAN-0354,418758.51,32505.35,1,Type A,Yes,62288.35,Medical,No
LOAN-0355,111261.51,63489.13,2,Type C,Yes,24263.7,Education,No
LOAN-0356,251306.61,52954.61,3,Type B,Yes,71924.78,Personal,No
LOAN-0357,65291.41,52037.43,5,Type B,Yes,41781.27,Medical,No
LOAN-0358,119236.93,61666.59,2,Type A,No,58580.8,Education,No
LOAN-0359,101855.15,25148.87,0,Type C,No,88340.53,Personal,No
LOAN-0360,188727.73,46298.63,0,Type C,No,50936.38,Business,No
LOAN-0361,130630.98,53206.35,5,Type B,Yes,114000.68,Education,No
LOAN-0362,500000.0,51575.72,2,Type C,No,37091.95,Business,No
LOAN-0363,51942.18,71362.18,1,Type B,Yes,33486.9,Education,No
LOAN-0364,361242.84,65443.81,3,Type B,No,107577.45,Education,No
LOAN-0365,186335.04,47255.66,0,Type A,Yes,56673.5,Medical,No
LOAN-0366,11646.02,50903.38,2,Type B,No,67073.97,Education,No
LOAN-0367,182192.22,18979.7,1,Type B,No,24088.35,Personal,No
LOAN-0368,484982.26,36794.36,4,Type B,No,87406.33,Education,Yes
LOAN-0369,180259.18,66449.54,3,Type C,Yes,165076.64,Education,Yes
LOAN-0370,187569.3,36398.65,2,Type C,No,30541.06,Personal,No
LOAN-0371,128441.54,18204.2,3,Type A,Yes,34064.55,Education,No
LOAN-0372,165474.86,39258.24,0,Type A,No,60996.15,Education,Yes
LOAN-0373,390597.45,80211.08,3,Type A,No,94247.08,Education,No
LOAN-0374,198046.2,,1,Type A,No,123644.81,Education,Yes
LOAN-0375,137303.9,46937.95,3,Type A,No,27610.23,Personal,No
LOAN-0376,142232.07,76528.49,4,Type C,Yes,111266.78,Medical,No
LOAN-0377,84125.39,63080.55,1,Type B,Yes,66157.54,Education,No
LOAN-0378,241936.09,71935.97,2,Type B,Yes,68183.14,Education,No
LOAN-0379,120250.24,46323.68,3,Type A,Yes,52150.41,Personal,No
LOAN-0380,242649.09,52602.23,1,Type B,No,26384.36,,No
LOAN-0381,180105.98,97987.64,2,Type B,Yes,20702.55,Personal,No
LOAN-0382,321529.32,87343.5,1,Type A,Yes,92980.74,Business,Yes
LOAN-0383,402542.26,21098.8,1,Type B,Yes,93666.59,Personal,No
LOAN-0384,249296.3,57365.43,0,Type B,Yes,29619.73,Education,Yes
LOAN-0385,273450.97,14253.86,2,Type A,Yes,66997.22,Education,No
LOAN-0386,153821.98,50849.55,0,Type C,Yes,35466.76,Business,No
LOAN-0387,188503.16,38596.93,1,Type B,Yes,79563.47,Business,No
LOAN-0388,127043.25,75807.2,3,Type A,Yes,55251.88,Medical,No
LOAN-0389,277263.41,65683.15,2,Type A,No,45433.74,Medical,No
LOAN-0390,34384.23,50661.83,2,Type B,Yes,74804.63,Education,No
LOAN-0391,38752.29,61548.39,1,Type C,No,89219.98,Personal,No
LOAN-0392,41503.79,31756.81,3,Type C,No,136546.87,Business,No
LOAN-0393,163638.09,71131.0,2,Type B,No,25878.88,Education,No
LOAN-0394,78735.15,35068.49,3,Type C,Yes,98259.98,Education,Yes
LOAN-0395,290257.71,33240.17,3,Type B,Yes,20547.02,Personal,No
LOAN-0396,189857.41,20898.66,2,Type B,No,29679.15,Personal,No
LOAN-0397,77896.69,59056.68,1,Type A,No,88849.41,Personal,No
LOAN-0398,178838.77,56819.78,4,Type B,Yes,81045.39,Medical,Yes
LOAN-0399,36610.06,47769.44,3,Type A,Yes,26312.66,Personal,Yes
LOAN-0400,279183.5,112476.95,3,Type B,No,65258.28,Medical,Yes
LOAN-0401,120136.13,81315.95,1,Type B,No,142282.7,Personal,No
LOAN-0402,461907.97,57485.6,0,Type B,No,155716.23,Education,No
LOAN-0403,85778.15,35856.14,2,Type A,No,39158.33,Medical,No
LOAN-0404,150206.2,63241.83,2,Type B,Yes,27059.87,Medical,No
LOAN-0405,441533.85,54450.16,0,Type B,Yes,34239.55,Education,No
LOAN-0406,105221.0,77852.05,1,Type B,Yes,71893.23,Business,No
LOAN-0407,31227.78,68395.68,3,Type C,Yes,43630.8,Personal,No
LOAN-0408,140482.15,53901.31,0,Type A,Yes,73745.02,Personal,No
LOAN-0409,158062.68,36521.47,2,Type B,Yes,78329.43,Personal,No
LOAN-0410,155556.7,24958.39,0,Type C,Yes,101945.11,Personal,No
LOAN-0411,311700.98,21934.57,2,Type C,No,45576.81,Business,No
LOAN-0412,210379.53,44056.86,3,Type A,No,70756.8,Education,No
LOAN-0413,224405.96,24805.72,0,Type A,No,50753.26,Education,No
LOAN-0414,387747.93,20.0,1,Type B,No,50834.88,Business,Yes
LOAN-0415,345573.23,73478.87,1,Type A,No,64880.33,Medical,No
LOAN-0416,83287.56,59766.03,1,Type A,No,51413.33,Medical,No
LOAN-0417,131441.02,68216.04,1,Type C,Yes,70512.68,Education,Yes
LOAN-0418,130807.36,52096.76,2,Type C,Yes,67670.0,Business,No
LOAN-0419,212721.13,62558.81,4,Type A,Yes,18991.68,Education,Yes
LOAN-0420,37217.32,7488.4,1,Type B,No,30832.49,Business,No
LOAN-0421,500000.0,46728.22,1,Type A,No,73408.56,Medical,Yes
LOAN-0422,75783.59,64436.74,0,Type B,Yes,25405.35,Education,No
LOAN-0423,140085.87,49190.17,1,Type C,No,61312.91,Education,No
LOAN-0424,329316.3,51844.22,4,Type A,No,14169.12,Business,No
LOAN-0425,48932.2,74761.85,4,Type C,No,36407.7,Personal,No
LOAN-0426,235895.93,30538.31,1,Type C,No,54205.98,Personal,No
LOAN-0427,83267.79,61209.21,1,Type C,No,16455.18,Medical,No
LOAN-0428,49255.06,73203.03,0,,Yes,58432.32,Medical,No
LOAN-0429,129188.4,61960.68,1,Type A,No,62822.09,Medical,No
LOAN-0430,385154.27,63563.8,1,Type A,Yes,130161.32,Education,No
LOAN-0431,138726.78,97182.61,9,Type B,Yes,15555.81,Personal,Yes
LOAN-0432,105468.96,30722.49,1,Type C,No,141936.53,Business,No
LOAN-0433,160815.87,83960.26,0,Type B,No,7830.24,Medical,No
LOAN-0434,57715.38,48305.34,1,Type A,Yes,181758.77,Business,Yes
LOAN-0435,247051.28,93997.54,0,Type A,No,62404.58,Medical,No
LOAN-0436,55387.08,66692.11,0,Type C,No,35983.15,Business,No
LOAN-0437,183171.96,49008.01,4,Type B,No,117235.98,Education,No
LOAN-0438,124012.73,83444.69,2,Type C,Yes,31305.75,Business,Yes
LOAN-0439,88755.21,28159.82,0,Type C,No,103370.56,Business,No
LOAN-0440,467787.19,72116.69,1,Type A,Yes,52667.62,Business,Yes
LOAN-0441,184543.56,10717.83,3,Type A,No,44119.94,Personal,No
LOAN-0442,190363.38,37242.57,2,Type B,Yes,51415.21,Personal,No
LOAN-0443,322164.87,56383.46,1,Type A,No,52688.05,Personal,No
LOAN-0444,155342.35,50426.37,3,Type C,Yes,106784.36,Medical,No
LOAN-0445,160514.74,54139.48,6,Type C,Yes,51210.7,Education,Yes
LOAN-0446,233067.41,46897.52,2,Type A,Yes,142368.89,Personal,No
LOAN-0447,446335.62,66822.15,2,Type A,Yes,42041.85,Business,No
LOAN-0448,172314.59,56268.75,1,Type B,Yes,41386.42,Medical,No
LOAN-0449,276455.06,49697.16,1,Type A,No,7457.56,Personal,No
LOAN-0450,173185.8,56426.26,3,Type C,No,74017.1,Business,No
LOAN-0451,178571.24,92684.66,4,Type B,Yes,98501.26,Education,Yes
LOAN-0452,138517.79,68090.21,1,Type A,Yes,52242.19,Business,No
LOAN-0453,76707.82,31448.95,3,Type A,Yes,94019.05,Education,No
LOAN-0454,190876.15,11760.51,4,Type C,No,29104.23,Medical,Yes
LOAN-0455,111680.9,62098.91,2,Type B,No,166806.79,Education,No
LOAN-0456,91738.57,47603.48,1,Type B,Yes,129766.12,Personal,No
LOAN-0457,399688.79,91996.21,5,Type A,No,112198.96,Education,Yes
LOAN-0458,198147.9,78618.12,2,Type B,No,61277.69,Personal,No
LOAN-0459,140489.04,50770.92,3,Type A,Yes,16373.06,Medical,No
LOAN-0460,129244.36,36805.93,2,Type B,No,168264.08,Personal,No
LOAN-0461,324009.07,50851.0,5,Type B,Yes,56901.94,Business,No
LOAN-0462,229192.8,60156.34,2,Type B,Yes,8323.11,Business,No
LOAN-0463,287851.62,90745.12,3,,Yes,158971.38,Education,No
LOAN-0464,336508.76,58628.32,4,Type B,No,45272.95,Personal,No
LOAN-0465,202245.93,10899.85,3,Type A,No,92409.2,Medical,Yes
LOAN-0466,218648.88,57256.94,5,Type C,Yes,93552.69,Business,No
LOAN-0467,93307.0,42948.88,2,Type C,No,15119.06,Personal,No
LOAN-0468,129608.12,101054.66,3,Type B,Yes,64816.63,Business,No
LOAN-0469,120655.96,89060.64,1,Type C,Yes,78813.89,Education,No
LOAN-0470,43584.94,20.0,2,Type C,No,5157.35,Personal,No
LOAN-0471,91434.21,73329.41,4,,Yes,12031.4,Education,No
LOAN-0472,55018.16,17123.38,3,Type C,Yes,6707.76,Medical,No
LOAN-0473,168544.12,75878.7,4,Type B,No,46724.2,Business,No
LOAN-0474,40943.15,55505.69,1,Type B,No,61333.78,Education,No
LOAN-0475,192932.21,20805.19,1,Type B,Yes,76229.56,Personal,No
LOAN-0476,500000.0,33217.57,2,Type A,Yes,48990.6,Personal,No
LOAN-0477,240359.85,43690.13,0,Type C,No,17035.39,Medical,No
LOAN-0478,120120.51,82036.15,3,Type A,No,45477.52,Education,No
LOAN-0479,230747.24,31724.04,3,Type A,No,122505.37,Personal,No
LOAN-0480,66092.42,31556.78,6,Type B,Yes,23383.52,Business,No
LOAN-0481,57530.5,33623.0,0,Type B,Yes,44428.97,Education,No
LOAN-0482,319312.83,46792.07,2,Type A,Yes,79777.55,Business,No
LOAN-0483,192045.29,71787.75,0,Type A,No,27977.59,Personal,No
LOAN-0484,136745.22,100085.37,3,Type B,Yes,182060.36,Education,No
LOAN-0485,278556.61,37458.98,4,Type A,Yes,76647.12,Education,Yes
LOAN-0486,454641.6,70175.72,2,Type C,No,4951.77,Education,No
LOAN-0487,271922.35,41127.03,1,Type C,No,66698.14,Business,No
LOAN-0488,251046.92,44047.59,2,Type C,Yes,51701.63,Education,No
LOAN-0489,436697.25,59070.31,2,Type A,Yes,13977.72,Medical,No
LOAN-0490,293230.33,58665.48,1,Type A,No,130462.44,Medical,No
LOAN-0491,237081.41,43417.7,1,Type C,Yes,53089.85,Business,Yes
LOAN-0492,243995.68,89432.9,2,Type B,Yes,90234.2,Business,No
LOAN-0493,309086.84,29999.21,3,Type A,Yes,89563.4,Business,No
LOAN-0494,162917.1,9823.58,9,Type C,Yes,32502.82,Personal,No
LOAN-0495,125290.7,90213.49,2,Type A,Yes,11896.52,Education,No
LOAN-0496,262676.37,,3,Type B,No,59224.04,Medical,No
LOAN-0497,59103.96,37532.83,0,Type A,Yes,29914.19,Education,No
LOAN-0498,330829.06,57785.45,2,Type A,Yes,46742.86,Education,No
LOAN-0499,47292.61,60104.26,1,Type A,Yes,28604.25,Education,Yes
